topic_id,unit_id,chapter,topic,packet,main_scope,advanced_scope,neet_scope,source_refs,diagram_need,current_evidence,existing_seed,required_variants,acceptance_tests,dependencies
maths|supplemental|linear-programming|core,maths|supplemental|linear-programming,Linear Programming,"Linear programming, feasible regions, objective functions, and optimization",SX-M01,supplemental,supplemental,not_applicable,J-PDF pp.1-2 Maths unit list; A-PDF pp.9-12 Maths scope,required,topic audit pending,none; candidate reuse must be audited,"Explicit linear inequalities, feasible region and objective line; bounded/unbounded/infeasible cases",Independent inequality membership and optimum/orientation checks; classify outside baseline before credit,S0; S2; CH-06a
maths|supplemental|mathematical-induction|core,maths|supplemental|mathematical-induction,Mathematical Induction,Principle of mathematical induction and induction-based proof patterns,SX-M02,supplemental,supplemental,not_applicable,J-PDF pp.1-2 Maths scope; A-PDF pp.9-12 Maths scope,conditional,topic audit pending,none; candidate reuse must be audited,Explicit base case and induction hypothesis/step for a named proposition,Independent proof obligations and counterexample rejection; illustration alone is not a proof,S0
maths|supplemental|mathematical-reasoning|core,maths|supplemental|mathematical-reasoning,Mathematical Reasoning,"Mathematical reasoning, logical statements, and argument validity",SX-M03,supplemental,supplemental,not_applicable,J-PDF pp.1-2 Maths scope; A-PDF pp.9-12 Maths scope,conditional,topic audit pending,none; candidate reuse must be audited,Finite truth-table and argument-model comparisons,Independent logical enumeration and argument validity; outside baseline unless explicitly selected,S0
physics|supplemental|communication-systems|core,physics|supplemental|communication-systems,Communication Systems,"Communication systems, carrier wave modulation, and wave propagation modes",SX-P01,supplemental,supplemental,supplemental,J-PDF pp.3-6 Physics scope; A-PDF pp.13-16 Physics scope; N-PDF pp.4-8 Physics scope,required,topic audit pending,none; candidate reuse must be audited,Explicit carrier/message modulation and stated propagation-mode schematic,Independent signal-law/unit checks and source-grounded propagation assumptions; scope selection required,S0; S2; CH-26a
chemistry|supplemental|states-of-matter|core,chemistry|supplemental|states-of-matter,States of Matter,"States of matter: gas laws, real gases, and the kinetic molecular theory of gases",CA-01a,supplemental,listed,supplemental,A-PDF p.1 States of Matter; J-PDF pp.7-11 Chemistry unit list; N-PDF pp.9-14 Chemistry unit list,required,topic audit pending,none; candidate reuse must be audited,Gas/real-gas/model checklist decomposed in advanced-extra.md; taxonomy aliases are not blanket syllabus obligations,Independent gas/state/distribution laws under explicit domain/model; extra named variants need separate scope tags,S0; S2; CH-21a
chemistry|supplemental|solid-state|core,chemistry|supplemental|solid-state,Solid State,"Solid state: crystal lattices, unit cells, packing, voids, and defects",CA-02a,supplemental,listed,supplemental,A-PDF p.3 Solid State; J-PDF pp.7-11 Chemistry unit list; N-PDF pp.9-14 Chemistry unit list,required,topic audit pending,none; candidate reuse must be audited,Crystal/packing/void/defect checklist decomposed in advanced-extra.md,"World-cell occupancy/packing/charge checks; current unit-cell module is a reuse candidate, not proof of every lattice",S0; S3; S4
chemistry|supplemental|surface-chemistry|core,chemistry|supplemental|surface-chemistry,Surface Chemistry,"Surface chemistry: adsorption, catalysis, and colloids",CA-03a,supplemental,review,supplemental,A-PDF pp.2-3 Kinetics/Surface Chemistry; J-PDF p.11 U20; N-PDF p.14 U20,required,topic audit pending,none; candidate reuse must be audited,Advanced named adsorption/colloid requirements; separate Main/NEET practical sols and catalysis overlap,Independent supported isotherm/reference relations; do not treat all legacy aliases as listed Advanced requirements,S0; S2; C-08b; C-20e
chemistry|supplemental|hydrogen|core,chemistry|supplemental|hydrogen,Hydrogen,"Hydrogen: isotopes, hydrides, water, hardness of water, and hydrogen peroxide",CA-04a,supplemental,review,supplemental,A-PDF p.3 Hydrogen; J-PDF pp.7-11 Chemistry unit list; N-PDF pp.9-14 Chemistry unit list,required,topic audit pending,none; candidate reuse must be audited,Listed isotope/hydride/water/peroxide subjects; hardness and other legacy aliases need separate scope decision,Reference-backed structures/reactions; atomic/charge accounting; broad taxonomy row contains unlisted standalone variants,S0; S4; C-03a
chemistry|supplemental|s-block-elements|core,chemistry|supplemental|s-block-elements,s-Block Elements,s-Block elements: alkali and alkaline earth metals and their important compounds,CA-04c,supplemental,listed,supplemental,A-PDF pp.3-4 s-Block Elements; J-PDF pp.7-11 Chemistry unit list; N-PDF pp.9-14 Chemistry unit list,conditional,topic audit pending,none; candidate reuse must be audited,Explicit reactivity/anomalies/named sodium/calcium compounds; related current periodicity is tracked separately,"Referenced species, balanced reactions and source-specific comparisons; no required illustration for pure recall",S0; S4; C-09b
chemistry|supplemental|metallurgy|core,chemistry|supplemental|metallurgy,General Principles and Processes of Isolation of Metals,"Metallurgy: concentration of ores, extraction, thermodynamic and electrochemical principles, and refining",CA-05a,supplemental,listed,supplemental,A-PDF p.5 Isolation of Metals; J-PDF pp.7-11 Chemistry unit list; N-PDF pp.9-14 Chemistry unit list,required,topic audit pending,none; candidate reuse must be audited,Ore concentration/extraction/refining checklist with explicit thermodynamic/electrochemical roles,Independent redox/process order and data-grounded energy/cell relations; no canned furnace for every ore,S0; S1; C-04a; C-07b
chemistry|supplemental|environmental-chemistry|core,chemistry|supplemental|environmental-chemistry,Environmental Chemistry,"Environmental chemistry: atmospheric, water, and soil pollution",CA-06a,supplemental,listed,supplemental,A-PDF p.5 Environmental Chemistry; J-PDF pp.7-11 Chemistry unit list; N-PDF pp.9-14 Chemistry unit list,conditional,topic audit pending,none; candidate reuse must be audited,Named pollution/waste/control and green-chemistry subjects; geography and amounts only when supplied,Reference causal/process relationships and scope depth; no invented environmental measurements,S0; S4
chemistry|supplemental|polymers|core,chemistry|supplemental|polymers,Polymers,"Polymers: classification, polymerisation methods, and important polymers",CA-07a,supplemental,listed,supplemental,A-PDF p.8 Polymers; J-PDF p.9 U15 polymerization overlap; N-PDF p.12 U15 overlap,required,topic audit pending,none; candidate reuse must be audited,Explicit listed polymer repeat units/classification and addition/condensation; primary U15 overlaps are not counted twice,Independent monomer/repeat connectivity and valence; legacy named polymers outside list separately scoped,S0; S4; C-14a; C-15b
chemistry|supplemental|chemistry-in-everyday-life|core,chemistry|supplemental|chemistry-in-everyday-life,Chemistry in Everyday Life,"Chemistry in everyday life: drugs, chemicals in food, and cleansing agents",CA-07b,supplemental,review,supplemental,A-PDF p.8 Chemistry in Everyday Life; J-PDF pp.7-11 Chemistry unit list; N-PDF pp.9-14 Chemistry unit list,conditional,topic audit pending,none; candidate reuse must be audited,"Named drug actions excluding structures, sweetener names only and cleansing; broader food-chemical aliases need scope review",Referenced names/actions and correct cleansing mechanism; no invented compulsory drug structures,S0; S4
